{"initial_reset_timestamp": 1559321876.6137943, "timestamps": [1559321887.0199234, 1559321890.0221882, 1559321892.3839943, 1559321894.6025176, 1559321904.1475596, 1559321906.42401, 1559321908.7126834, 1559321911.221612, 1559321917.603362, 1559321923.191989, 1559321938.3345823, 1559321944.473488, 1559321950.0563834, 1559321956.0728364, 1559321961.6643298, 1559321967.6242466, 1559321972.9664187, 1559321987.5113082, 1559321992.009331, 1559322007.2680223, 1559322016.21363, 1559322036.7218335, 1559322041.3955936, 1559322047.226058, 1559322052.6512518, 1559322075.020118, 1559322080.5215542, 1559322086.6639564, 1559322101.6641011, 1559322106.9409933, 1559322123.4529946, 1559322127.83486, 1559322132.1800601, 1559322136.2810574, 1559322140.4409735, 1559322144.7295642, 1559322148.8259978, 1559322164.0255597, 1559322168.2030323, 1559322172.3811238, 1559322176.3828735, 1559322180.8032906, 1559322185.448569, 1559322189.5497882, 1559322193.9276595, 1559322212.5222611, 1559322257.7317953, 1559322261.9142866, 1559322278.8621304, 1559322299.7742116, 1559322304.005089, 1559322308.160001, 1559322312.5644512, 1559322325.450134, 1559322329.639353, 1559322334.2685344, 1559322348.127754, 1559322352.2655392, 1559322359.7025185, 1559322364.0705543, 1559322384.8845828, 1559322388.9445038, 1559322393.3669286, 1559322397.6108453, 1559322402.9488664, 1559322412.9165204, 1559322428.0424392, 1559322432.2108552, 1559322436.3422017, 1559322446.9426227, 1559322451.5511887, 1559322473.2553973, 1559322477.444271, 1559322495.8254642, 1559322510.480371, 1559322514.5525105, 1559322518.8735435, 1559322529.8980572, 1559322540.6533697, 1559322544.783548, 1559322549.3184137, 1559322553.5040083, 1559322557.682038, 1559322562.1551714, 1559322566.6238496, 1559322570.5818417, 1559322592.1620414, 1559322596.2172775, 1559322600.4940286, 1559322604.691547, 1559322609.0971546, 1559322650.2114182, 1559322654.125576, 1559322658.6019971, 1559322662.763345, 1559322667.071389, 1559322671.802719, 1559322675.985686, 1559322680.1678565, 1559322688.4044726, 1559322692.5984733, 1559322697.0768511, 1559322701.0996513, 1559322705.6190033, 1559322709.7978792, 1559322714.1045048, 1559322723.8031328, 1559322727.97018, 1559322732.0678647, 1559322746.2485297, 1559322753.0780413, 1559322757.3225098, 1559322761.6718364, 1559322767.7960527, 1559322773.774413, 1559322778.4184027, 1559322783.7488015, 1559322807.680391, 1559322812.534218, 1559322828.136506, 1559322832.8333344, 1559322837.4868038, 1559322841.7212498, 1559322864.460527, 1559322869.185803, 1559322875.1103446, 1559322899.9082842, 1559322904.5984187, 1559322909.1059, 1559322913.9303508, 1559322918.6954598, 1559322923.427016, 1559322928.3814225, 1559322933.0871205, 1559322938.2988806, 1559322952.1555324, 1559322956.8816507, 1559322970.186471, 1559322975.1038654, 1559322980.23924, 1559322984.9821534, 1559322989.7552304, 1559322994.5810745, 1559322999.4307182, 1559323005.817203, 1559323028.6140072, 1559323049.0039933, 1559323053.8396456, 1559323058.8092508, 1559323097.9642165, 1559323102.8783422, 1559323107.5449264, 1559323112.0268734, 1559323116.7712975, 1559323138.433436, 1559323142.8651497, 1559323147.90482, 1559323152.6365168, 1559323157.6422617, 1559323162.3725924, 1559323167.68904, 1559323178.5641096, 1559323183.647864, 1559323215.589207, 1559323220.9319305, 1559323225.799334, 1559323230.83201, 1559323235.2259393, 1559323258.1514916, 1559323262.788831, 1559323268.0725303, 1559323273.036898, 1559323282.9495025, 1559323287.799653, 1559323292.8420022, 1559323308.4402957, 1559323313.4421291, 1559323318.818534, 1559323323.6647844, 1559323328.4054422, 1559323347.0413935, 1559323361.8276985, 1559323377.2932847, 1559323389.4943376, 1559323397.3408144, 1559323401.9651253, 1559323406.5656087, 1559323411.1604183, 1559323434.8261895, 1559323439.9470403, 1559323482.815709, 1559323487.5658677, 1559323493.1461086, 1559323498.0374312, 1559323520.9360216, 1559323525.7041416, 1559323530.6284556, 1559323535.7713647, 1559323540.538042, 1559323564.4550307, 1559323575.5192301, 1559323580.0951543, 1559323584.6959174, 1559323629.6874037, 1559323634.4507565, 1559323655.7869182, 1559323660.949151, 1559323665.515099, 1559323669.9966886, 1559323692.462506, 1559323697.2630794, 1559323702.3956604, 1559323707.194959, 1559323712.0975325, 1559323716.792324, 1559323735.0119243, 1559323741.1111145, 1559323745.658489, 1559323750.3923693, 1559323755.3178287, 1559323772.387841, 1559323789.8091094, 1559323794.6628327, 1559323799.5021644, 1559323804.2866106, 1559323809.0862005, 1559323814.0961423, 1559323818.72862, 1559323823.5682359, 1559323828.1774862, 1559323832.919729, 1559323837.5488677, 1559323876.2912202, 1559323881.1284816, 1559323886.072175, 1559323895.824218, 1559323916.695035, 1559323921.9810095, 1559323949.8919847, 1559323976.0357645, 1559323980.9094305, 1559324012.9312556, 1559324018.0206974, 1559324022.6631942, 1559324050.3326435, 1559324055.1356802, 1559324066.0871108, 1559324070.6489122, 1559324075.4017167, 1559324080.288165, 1559324085.24412, 1559324089.9554286, 1559324094.5457125, 1559324099.899985, 1559324114.1977658, 1559324118.9959905, 1559324133.9685833, 1559324138.8024824, 1559324143.848608, 1559324148.650368, 1559324175.5729382, 1559324180.0389526, 1559324184.5495837, 1559324189.7250025, 1559324193.9407341, 1559324202.7741337, 1559324234.8254135, 1559324248.7981362, 1559324252.9229827, 1559324257.1757586, 1559324263.4919357, 1559324279.6770675, 1559324300.268746, 1559324304.5053337, 1559324308.7759874, 1559324325.0333576, 1559324356.750039, 1559324360.989156, 1559324365.4876702, 1559324369.6544547, 1559324374.2808332, 1559324382.0197415, 1559324412.9253147, 1559324417.2047317, 1559324421.4835927, 1559324426.0444689, 1559324430.207427, 1559324439.4218998, 1559324450.3368213, 1559324472.475486, 1559324476.796053, 1559324488.7223718, 1559324492.855827, 1559324496.9186022, 1559324507.6947687, 1559324512.772929, 1559324519.284093, 1559324523.4906, 1559324527.694324, 1559324532.056049, 1559324536.318874, 1559324540.5560708, 1559324544.799969, 1559324549.2360985, 1559324578.2301066, 1559324582.517359, 1559324602.7801316, 1559324607.2900848, 1559324615.6027696, 1559324619.9739423, 1559324624.0813792, 1559324628.6344197, 1559324632.8335774, 1559324637.0142617, 1559324641.17658, 1559324645.5241337, 1559324649.6974113, 1559324655.2317023, 1559324666.9680207, 1559324693.860725, 1559324708.5149333, 1559324733.2314086, 1559324737.4579191, 1559324748.5418456, 1559324752.8143473, 1559324762.0586221, 1559324766.3158298, 1559324782.86999, 1559324787.0665765, 1559324791.6573527, 1559324795.6440232, 1559324800.228192, 1559324804.4714127, 1559324808.9668949, 1559324813.2313566, 1559324817.371216, 1559324821.5420704, 1559324825.7864935, 1559324851.968017, 1559324856.2939513, 1559324860.6909745, 1559324864.9494638, 1559324869.0248868, 1559324874.3412876, 1559324878.8108556, 1559324899.1503317, 1559324903.421195, 1559324907.6017706, 1559324912.005054, 1559324916.341417, 1559324935.770793, 1559324940.088713, 1559324944.4290926, 1559324948.6873634, 1559324953.1964276, 1559324957.5782974, 1559324961.969858, 1559324973.4145625, 1559324977.568661, 1559325014.7091305, 1559325029.5158255, 1559325034.047853, 1559325046.358047, 1559325062.0960789, 1559325066.3297753, 1559325070.5217052, 1559325074.6449323, 1559325078.7795136, 1559325083.1633675, 1559325087.0968513, 1559325091.2708912, 1559325095.477664, 1559325099.6334841, 1559325103.7924762, 1559325108.1409774, 1559325112.4948215, 1559325117.0251484, 1559325159.0711496, 1559325163.1595657, 1559325177.2449272, 1559325194.3222542, 1559325202.9444196, 1559325244.768399, 1559325271.586039, 1559325276.0086489, 1559325280.1200788, 1559325284.2268221, 1559325288.561742, 1559325293.5624204, 1559325297.8149107, 1559325302.0673585, 1559325306.3288918, 1559325310.7851317, 1559325315.0544086, 1559325344.179714, 1559325362.0335705, 1559325366.4030108, 1559325381.3566623, 1559325385.8640606, 1559325390.7184565, 1559325408.0599265, 1559325412.3329058, 